,Allwords,Unweighted Clustering Score,Weighted Clustering Score,Categorical Reasoning Score
0,"APPROVAL, BLESSING, CONSENT, SUPPORT, BAGEL, LIFESAVER, TIRE, WREATH, HOOK, SHANK, SLICE, WHIFF, LOAF, SLIP, SNEAK, WADE",3,6,2
1,"BOILING, FUMING, LIVID, STEAMING, POSITION, RANKING, STANDING, STATION, AIR, CONDITIONING, HEATING, VENTILATION, BAKING, LAUNDRY, ORIGAMI, POKER",1,1,0
2,"RUMBLING, SPECULATION, TALK, WHISPERS, CREEP, SLIP, STEAL, TIPTOE, BUDGET, ENTERPRISE, NATIONAL, THRIFTY, ENVIRON, JARGON, LATIN, PLEAD",2,5,1
3,"DISPLAY, MONITOR, SCREEN, TERMINAL, BOA, CORSET, FAN, GLOVES, BUFF, CREAM, FAWN, TAN, BASK, CHECK, FINISH, TIE",1,3,1
4,"PROJECTOR, REEL, SCREEN, SPEAKER, DECK, FLOOR, LEVEL, STORY, GLOBE, MIRROR, POST, SUN, EGG, MOON, STREAK, TOILET PAPER",0,0,0
5,"CAKE, COAT, PLASTER, SMEAR, BALLOON, BASKETBALL, FLOATIE, TIRE, BAR, BUBBLE, LINE, PIE, FIZZ, PUNCH, SLING, SOUR",0,0,0
6,"BLOW, DRAFT, GUST, PUFF, CRANK, REEL, TURN, WIND, BULL, CRAB, LION, RAM, CAT, GRINCH, POP, TURTLE",1,2,1
7,"BLUES, COUNTRY, FOLK, ROCK, BRAT, BUN, MUSTARD, SAUERKRAUT, CHAIR, MOUNTAIN, TREE, WARRIOR, COCONUT, SOULMATE, UPDO, WALLET",2,3,1
8,"ALARM, HOUR, SNOOZE, TIME SET, PERHAPS, SAY, SUPPOSE, WHAT IF, KISS, NERD, RUNT, WHOPPER, DO, DOPE, GRUMP, SLEEP",1,2,1
9,"DIALECT, LANGUAGE, SPEECH, TONGUE, FRENCH, KISS, MAKE OUT, NECK, BANDAGE, DRESSING, SCISSORS, TAPE, COTTAGE, CRAFTSMAN, PRAIRIE, RANCH",0,0,0
10,"AVERAGE, FAIR, OK, SO-SO, HI, MA, OR, PA, ANKLE, COWBOY, GO-GO, THIGH-HIGH, ELEVATOR, SUN, TIDE, YO-YO",0,0,0
11,"EXTENT, RANGE, REACH, SCOPE, COMPLEMENT, MATCH, MATE, PARTNER, BUD, NATTY, SIERRA, STELLA, CHECK, DIRT, PAL, PHONE",1,1,0
12,"BOO-BOO, FLUB, GAFFE, GOOF, DAISY, JASMINE, PETUNIA, POPPY, BUZZ, DANCE, POLLINATE, STING, BABE, LOU, MICKEY, YOGI",1,2,1
13,"SAID, SPOKE, TOLD, VOICED, DESIGNATION, HANDLE, MONIKER, SOBRIQUET, CLEAR, MARKED, PRONOUNCED, STRIKING, PORTER, POWER, ROUGH, WHEEL",2,3,2
14,"GOLD, LEAD, MERCURY, TIN, FULL, KING, QUEEN, TWIN, CAN, HEAD, JOHN, THRONE, BOWIE, BUTCHER, BUTTER, BUTTERFLY",1,1,1
15,"BARGE, CRAFT, SHIP, VESSEL, BEST, CHAMP, GOAT, LEGEND, ABOUT, CONCERNING, ON, TOWARD, HARE, I, MUSSEL, NAVAL",2,4,1
16,"DEVIL, MARS, ROSE, STRAWBERRY, FUNCTION, OPERATE, RUN, WORK, EDGE, OFFICE, TEAMS, WINDOWS, BLONDE, JOBS, MILK, VICE",1,3,1
17,"ABSENT, ELSEWHERE, GONE, MIA, ADVOCATE, CHAMPION, CHEERLEADER, EXPONENT, GLAM, GOTH, METAL, PUNK, HORROR, JOCK, VALUE, WAVE",3,6,3
18,"BACKFLIP, BELLYFLOP, CANNONBALL, JACKKNIFE, ECHO, PARROT, REPEAT, QUOTE, ANCHOR, BACKBONE, CORNERSTONE, PILLAR, HAM, PIRATE, SATELLITE, TALK",2,4,2
19,"JAM, PACK, RAM, STUFF, COOK, DISHWASHER, HOST, SERVER, MICROWAVE, RADIO, VISIBLE, X-RAY, BRIDLE, BYTE, COMEDIAN, DRILL",0,0,0
20,"CLOUD, COTTON BALL, DANDELION, SHEEP, GUINEA PIG, PARTICIPANT, SUBJECT, VOLUNTEER, DISAPPROVE, MIND, OBJECT, PROTEST, BULL, FOG, MATTER, SHOE",0,0,0
21,"GET BY, HACK IT, MAKE DO, MANAGE, BIRTHDAY, CONGRATULATIONS, GET WELL, THANK YOU, CAPISCE, GET IT, SEE, UNDERSTAND, CANDY, CONTACT, SHADOW, WITNESS",0,0,0
22,"BUDDY, CHAMP, SPORT, TIGER, AMENABLE, DOWN, GAME, WILLING, AARDVARK, EERIE, LLAMA, OOZE, BLUE, BRINY, DEEP, DRINK",2,3,2
23,"HIGH, KICK, RUSH, THRILL, BEAR, STAND, STOMACH, TAKE, BALONEY, BULL, BUNK, TRIPE, HEELS, MOUSE, REMOTE, TONGUE",0,0,0
24,"STRAIN, TAX, TEST, TRY, MIX, SAMPLE, SCRATCH, SPIN, DIRECT, IRREGULAR, POSSESSIVE, PRESENT, ECOLOGICAL, JEALOUS, LUSH, NAUSEOUS",0,0,0
25,"HYPE, MARKET, PITCH, SELL, CAST, CHUCK, FLING, HURL, FICTION, HUMOR, ROMANCE, TRAVEL, ANKLE, CREW, SWEAT, TUBE",2,7,1
26,"GRUFF, HOARSE, HUSKY, ROUGH, LITTLE, MIDDLE, POINTER, RING, AMBER, PORTER, SOUR, STOUT, BULLDOG, FRY, HORN, KISS",2,4,1
27,"NEAT, NIFTY, SUPER, SWELL, ELABORATE, EXPAND, EXPLAIN, SPECIFY, FACILITY, FLAIR, GIFT, KNACK, BLOCK, COMPLEX, COMPOUND, DEVELOPMENT",0,0,0
28,"ARENA, BOWL, COLISEUM, DOME, ALLEY, COURT, DRIVE, LANE, FISH, JUSTICE, LIBRA, SOLFEGE, FOUNTAIN, GUTTER, TEAPOT, WHALE",0,0,0
29,"COVER, JACKET, PAGE, SPINE, CALICO, TABBY, TORTOISESHELL, TUXEDO, BUTTERFLY, JITTER, NERVE, WILLY, BEETHOVEN, CORNUCOPIA, KALEIDOSCOPE, PEACOCK",1,1,0
30,"ASIDE, DETOUR, DIGRESSION, TANGENT, BEAR, GENERATE, PRODUCE, YIELD, BABE, FOX, SNACK, TEN, ARE, RADIUS, REVERSE, RIGHT",0,0,0
31,"DOWN, LEFT, RIGHT, UP, BACK, CHAMPION, ENDORSE, SUPPORT, CON, DING, MINUS, STRIKE, BASE, LIAR, LOOT, SYMBOL",2,3,1
32,"CLAY, PAPYRUS, PARCHMENT, WAX, ANCHOR, HOST, MODERATE, PRESENT, FACULTY, FLAIR, INSTINCT, TALENT, BURRITO, GIFT, MUMMY, SPRAIN",2,4,2
33,"KID, RAZZ, RIB, TEASE, BREAST, TENDER, THIGH, WING, CALF, CUB, FAWN, KIT, BARGE, JOSTLE, MUSCLE, SHOULDER",0,0,0
34,"CHARLATAN, FRAUD, QUACK, SHAM, NOISE, PEEP, SOUND, WORD, HAM, HOT DOG, PEACOCK, SHOWBOAT, BUG, PORK, SPEED, TWEET",1,1,1
35,"AREA, DOMAIN, FIELD, SPHERE, FIDDLE, HORN, RECORDER, TRIANGLE, BARRIER, CONE, FLAG, FLARE, CHAIN, FIGHT, PROCESSOR, PYRAMID",0,0,0
36,"CAMPAIGN, CANVASS, ORGANIZE, STUMP, COMPOSITION, FABRIC, MAKEUP, STRUCTURE, CLAMP, FILE, LEVEL, SAW, LOG, MAX, MOD, TAN",1,3,1
37,"FLUID, GRACEFUL, NATURAL, SMOOTH, EFFORT, LABOR, SWEAT, WORK, BATTERY, CHARGE, JUICE, POWER, BURST, DAD, MAINSTREAM, SODA",0,0,0
38,"FLAME, LOVER, STEADY, SWEETHEART, BURN, DIG, JAB, SLIGHT, DIESEL, PLUS, PREMIUM, REGULAR, COFFEE, PERIODIC, POOL, WATER",0,0,0
39,"COURT, PLAZA, SQUARE, YARD, BOUT, CONTEST, MATCH, ROUND, DAZZLE, FLASH, POMP, RITZ, FIRE, HEART, SKULL, SPARKLES",1,3,1
40,"BANK, LAUNDROMAT, POST OFFICE, SUPERMARKET, CHECK, CURB, HAMPER, INHIBIT, PACK, PRIDE, SCHOOL, SWARM, BIDE, CART, NIX, WASHING",0,0,0
41,"CROSS, SHORT, SURLY, TESTY, EXPLORATORY, PILOT, PRELIMINARY, TRIAL, FIDDLER, JERSEY, KINKY, MERRILY, PAN, PARKER, PIPER, RABBIT",2,3,1
42,"ACCEPT, BELIEVE, BUY, TRUST, BLUFF, FRONT, SHAM, SHOW, BASE, BRACKET, MOUNT, STAND, FIFTH, HANDLE, LITER, PINT",2,3,1
43,"POINT, PRONG, TINE, TIP, FAIR, FINE, GOOD, MINT, BUSINESS, FIELD, LINE, TRADE, BRAZIL, BUTTER, DOUGH, PINE",1,1,0
44,"GIANT, MAMMOTH, MONSTER, TITANIC, AVATAR, CHARACTER, FIGURE, PERSONA, APPEAR, LOOK, SEEM, SOUND, CASTLE, HUSTLE, LISTEN, WITCH",2,5,0
45,"AUDITORIUM, GYM, LAB, LIBRARY, BLACK, EVEN, ODD, RED, CHOCOLATE, PEACE, PIGEON, SOAP, GREY, GOLDEN, MOTHER, SILLY",1,1,0
46,"PEN, RULER, SCISSORS, TAPE, ESSENTIAL, KEY, PRINCIPAL, STAPLE, GIVE, HAND, PASS, SEND, APPLAUSE, EXIT, RECORDING, WALK",0,0,0
47,"CHANCE, FORECAST, OUTLOOK, PROSPECT, ATTITUDE, CHEEK, LIP, SASS, BASS, FLUKE, PERCH, PIKE, BRIDGE, LENS, RIM, TEMPLE",1,3,1
48,"JOURNAL, LOG, RECORD, REGISTER, MANE, MOP, SHOCK, TANGLE, CHEER, FRIEND, SCRUB, WEED, FUND, HOG, MAZE, TRIMMER",1,1,0
49,"POINTER, SUGGESTION, TIP, TRICK, GRIT, RESOLVE, SPIRIT, WILL, FREQUENT, HAUNT, PATRONIZE, VISIT, CANINE, FREIGHT, OFTEN, OZONE",0,0,0
50,"CONDENSE, FREEZE, MELT, VAPORIZE, ALTERNATE, BACKUP, COVER, SUB, COPPER, HACK, SHRINK, SUIT, FANTASY, HERO, HONEY, SOMEDAY",0,0,0
51,"ATOM, CELL, MOLECULE, PROTEIN, BOTTLE, CRIB, MOBILE, RATTLE, JUG, SAW, SPOONS, WASHBOARD, DOG, FREEZE, PHONE, PRICE",0,0,0
52,"DESIRE, LONG, PINE, YEN, FORTUNE, MAD, NATURE, O, BOND, M, MONEYPENNY, Q, BUBBLEGUM, EURO, K, POWER",1,3,1
53,"ATTRACTION, CHEMISTRY, FIREWORKS, SPARKS, CACHE, COOKIES, DATA, HISTORY, CYCLE, LAP, TURN, REVOLUTION, BAR, DINNER, LIBERTY, TINKER",2,4,1
54,"BRAINSTORM, IDEATE, SPITBALL, WORKSHOP, CONCRETE, MATERIAL, REAL, SOLID, BIRTHDAY, CRUMB, MARBLE, POUND, CURVEBALL, PARTY, TANTRUM, WRENCH",0,0,0
55,"SQUIRREL, STASH, STORE, STOW, FIXED, FROZEN, LIQUID, TOXIC, CAVEAT, ERGO, QUID, VOX, ARCADE, BLAME, NUMBERS, SQUID",0,0,0
56,"DIRECT, GUIDE, LEAD, USHER, CON, HUSTLE, RACKET, STING, EAGLE, PYRAMID, SEAL, WASHINGTON, BRITISH, NORTHWEST, NOVA, PRINCE",0,0,0
57,"ADAGE, CHESTNUT, MAXIM, SAW, CHARCOAL, ELECTRIC, GAS, WOOD, ASH, CHERRY, EBONY, GUM, FILTER, HEATER, JET, PUMP",2,3,2
58,"TO, TOO, TUE, TWO, COUPLE, TIE, UNITE, WED, LAID, PLACED, PUT, SAT, MAY, SUN, WALL, WILD",1,1,1
59,"CLUTCH, MESSENGER, SATCHEL, TOTE, FREEDOM, LATITUDE, LICENSE, SLACK, CUE, PROMPT, SIGNAL, WORD, BOXER, BRIEF, DRAWER, SHORT",1,1,1
60,"CHASE, HUNT, QUEST, SEARCH, ALWAYS, KISSES, LOVE, YOURS, CAMP, PARTY, SIDE, WING, BOND, LEAF, MINE, RUSH",1,1,1
61,"CAPTAIN, GENERAL, MAJOR, PRIVATE, JACK, OUTLET, PORT, SOCKET, APPETITE, AUDIENCE, DEMAND, MARKET, ATTACK, PERSONAL, POP-UP, WANT",1,1,1
62,"DISH, SPILL, TALK, TELL, BRANCH, FORK, PART, SPLIT, DOORKNOB, KNIFE, TOPKNOT, UNKNOWN, FORMULA, RECIPE, SECRET, TICKET",0,0,0
63,"DELICATE, RAW, SENSITIVE, TENDER, DESSERT, MAIN, SIDE, STARTER, BARE, DEAR, MOUSSE, NEW, CARPET, DELICIOUS, MEAT, TAPE",1,2,1
64,"EASY, ENOUGH, RELAX, QUIET, BUG, CHILL, COLD, COUGH, BREACH, DIVE, SING, SPOUT, MAGIC, MOTOR, SIN, WINDY",0,0,0
65,"CHAIN, TRAIN, SERIES, STRING, DRIVER, IRON, WEDGE, WOOD, BIRDS, FOG, OMEN, RING, BRAT, DOG, FRANK, LINK",1,2,1
66,"FERRIS WHEEL, MERRY-GO-ROUND, ROLLER COASTER, TILT-A-WHIRL, CLEARANCE, GO-AHEAD, GREEN LIGHT, THUMBS-UP, CINDERELLA, DAVID-AND-GOLIATH, RAGS-TO-RICHES, UNDERDOG, BUMPER-TO-BUMPER, BUTTERMILK, RUMPELSTILTSKIN, TAILGATE",1,2,1
67,"NAIL, NUT, SCREW, WASHER, FLY, HOOK, LINE, SINKER, CHAIR, DRYER, MIRROR, SINK, BOLT, BUG, ROD, STRIKE",0,0,0
68,"AYE, FOR, PRO, YEA, COURT, DATE, SEE, WOO, DROVE, HOST, PACK, SEA, AURA, PALM, TAROT, TEA",1,1,1
69,"CHANNEL, MENU, POWER, VOLUME, BLOCK, COVER, SCREEN, SHIELD, CHERRY, OLIVE, SWORD, UMBRELLA, CASINO, DIAMONDS, QUANTUM, TOMORROW",0,0,0
70,"MAIL, POST, SEND, SHIP, BALM, GLOSS, LINER, STAIN, CORNER, FIX, HOLE, SPOT, ANGLE, CRIME, EDUCATION, TEMPERATURE",0,0,0
71,"CONDITION, FORM, SHAPE, STATE, BUSH, COUNTRY, STICKS, WOODS, FLAMINGO, FOUNTAIN, GNOME, PINWHEEL, FAIRY, FISH, FOLK, TALL",0,0,0
72,"DUNK, FLOATER, LAYUP, THREE, PERCH, PIKE, SKATE, SOLE, BODY, BOUNCE, LIFT, VOLUME, FLOWER, ONLY, POSTER, PROBLEM",0,0,0
73,"ARTICLE, ESSAY, PAPER, REPORT, BUBBLE GUM, CARNATION, ERASER, FLAMINGO, FOXTROT, HOTEL, VICTOR, YANKEE, DEPUTY, DEREK JETER, PENCIL, SILVER MEDAL",0,0,0
74,"APPRECIATE, DIG, FANCY, LIKE, HIT, SENSATION, SMASH, SUCCESS, BUTTON, HAT, SHIRT, STICKER, CAT, EDITOR, PASTE, THAT",1,3,1
75,"CHINATOWN, DUMBO, MANHATTAN, WALL STREET, BE KIND REWIND, E.T., FRIGHT NIGHT, KILL BILL, HEDWIG AND THE ANGRY INCH, MY LEFT FOOT, THE GREEN MILE, THE LONGEST YARD, BEETLEJUICE, FOXY BROWN, DOGMA, OCTOPUSSY",0,0,0
76,"BI, BUY, BY, BYE, AB, PEC, QUAD, TRI, DUB, EMO, POP, TRAP, HI, LO, MED, OFF",0,0,0
77,"CRUX, ESSENCE, HEART, SUBSTANCE, BAROQUE, COMPLEX, ELABORATE, INVOLVED, ARROW, BULLET, CHECKBOX, HYPHEN, ANGRY, BETRAY, CRUCIFIX, HYBRID",2,3,2
78,"BITTER, SALTY, SORE, UPSET, PEPPER, SCATTER, SPRINKLE, STREW, CAKE, EARTH, ONION, PLYWOOD, BAKED, COUCH, HOT, SWEET",0,0,0
79,"ABSORB, ENGROSS, HOLD, RIVET, FILM, RECORD, SHOOT, TAPE, PASTEL, PETALS, PLEATS, STAPLE, GOOD, PENNY, PLEASE, WOMAN",0,0,0
80,"CONCEIVE, ENVISION, IMAGINE, PICTURE, COAT, FILM, LAYER, SKIN, BRUSH, FLICK, SWEEP, WIPE, CODE, DEVELOP, HACK, PROGRAM",4,10,1
81,"DRIVE, PROMPT, PROPEL, PUSH, DRAW, REVERSE, SKIP, WILD, BASEBALL, GRAPEFRUIT, MARBLE, PEA, COURTROOM, DUGOUT, GYM, PARK",0,0,0
82,"COOL, NICE, SICK, SWEET, KIND, SORT, STYLE, TYPE, DRIFT, IDEA, MESSAGE, POINT, RING, STICK, TENDER, WING",2,3,0
83,"CLEAR, EARN, MAKE, NET, BEARD, HAT, ROBE, STAFF, BRIDGE, DECK, HATCH, KEEL, CLEF, SECTION, SPAN, SUITE",1,1,0
84,"LASER, PLUCK, THREAD, WAX, COIL, SPOOL, WIND, WRAP, HONEYCOMB, ORGANISM, SOLAR PANEL, SPREADSHEET, BALL, MOVIE, SCHOOL, VITAMIN",0,0,0
85,"FOLLOWERS, LEMMINGS, PUPPETS, SHEEP, EQUITY, OPTIONS, SHARES, STOCKS, BILLINGS, BUFFALO, MOBILE, PHOENIX, APARTMENT, INSULTS, LIKES, SHOVELS",1,2,1
86,"HURRY, NOW, PRONTO, STAT, CURRENT, DRIFT, TIDE, WAVE, CURL, FLY, PRESS, ROW, LOCK, MARKS, PANE, RUSTLE",0,0,0
87,"BODY, CANON, OEUVRE, WORKS, FUJI, HOOD, OLYMPUS, WHITNEY, INSERT, JACKET, RECORD, SLEEVE, HANDS, MARACA, POLAROID, SNOWGLOBE",0,0,0
88,"LOOT, RAID, ROB, SACK, CLOUT, PULL, SWAY, WEIGHT, BOB, CROP, FADE, SHAG, BOBBY, HAIR, PUSH, SAFETY",2,4,2
89,"CHOW, EATS, FARE, GRUB, DIRECT, GUIDE, LEAD, STEER, BULLY, COW, DAUNT, RATTLE, BULL, FLEA, MEAT, STOCK",0,0,0
90,"EASY, FLEXIBLE, OPEN, RECEPTIVE, EVIL, LIVE, VEIL, VILE, AMAZING, BEGINNER, GENIUS, SOLID, LIT, SCENTED, WAXY, WICKED",1,1,1
91,"CHOICE, SAY, VOICE, VOTE, DOWN, HEEL, SHAKE, SPEAK, FLAT, NATURAL, QUARTER, WHOLE, PUMP, STEAM, TIRE, WAFFLE",0,0,0
92,"GRIDDLE, KETTLE, PAN, POT, FRILL, FRINGE, RUFFLE, TRIM, LAY, PLACE, PUT, SET, GEEZ, SEIZE, TEASE, WISE",2,4,1
93,"BANNER, BILLBOARD, POSTER, SIGN, FIRST, INITIAL, MAIDEN, PREMIER, BACK, CHAMPION, ENDORSE, SUPPORT, HERE, THEME, USE, WEE",4,10,3
94,"DRAIN, DUCT, PIPE, SEWER, CHEESE, CORN, SAP, SCHMALTZ, EGG, KNUCKLES, SMILE, WINDOW, CHUMP, CLIMATE, LOOSE, SEA",0,0,0
95,"EXPLOIT, LEVERAGE, MILK, USE, DONE, OVER, THROUGH, UP, CITY, COPY, CULTURE, SPORTS, HEYDAY, HIJINKS, SUPPER, YOGURT",0,0,0
96,"HEAD, KNEES, SHOULDERS, TOES, AUTO, RIDE, WHEELS, WHIP, PARES, PEELS, SHELLS, SHUCKS, BEES, CAFFEINE, GOSSIP, INTERCOMS",1,3,1
97,"BIT, DASH, PINCH, TOUCH, BUY, DEAL, STEAL, VALUE, BALL, CHALK, CUE, RACK, FACE, MAC, MATCH, POCKET",1,1,1
98,"CHARM, HEX, MAGIC, SPELL, INSTRUMENT, PAWN, PUPPET, TOOL, CAPE, MASK, TIGHTS, UNDERWEAR, BAY, CARPENTER, SCOTT, WOO",1,3,0
99,"FLUSH, LOADED, RICH, WEALTHY, CHOP, CUBE, DICE, MINCE, SQUARE, STRAIGHT, STUFFY, TRADITIONAL, BURY, CURRENT, LEACHY, PAIR",2,3,1
100,"BULLDOG, CATFISH, HORSEFLY, TURTLEDOVE, DOGLEG, HAIRPIN, SWITCHBACK, ZAG, CATEGORIES, CHARADES, FISHBOWL, WEREWOLF, CLOCK, MATTRESS, MOUSETRAP, TRAMPOLINE",2,6,2
101,"BASE, DIRTY, LOW, VILE, CONTACT, MESSAGE, PING, TEXT, FRUIT, PITCHER, SKULL, TABLECLOTH, BATTER, CAN, GARDEN, PONG",1,2,1
102,"PIC, SHOT, SNAP, STILL, CINCH, ICE, LOCK, SECURE, BREEZE, COAST, GLIDE, SAIL, PICNIC, SECURITY, THROW, WET",1,3,0
103,"ACT, BILL, MEASURE, RESOLUTION, MEADOW, PLAIN, PRAIRIE, SAVANNA, DIRECT, FRANK, OPEN, STRAIGHT, AURA, BUCK, DOGE, HODA",2,5,2
104,"DRAFT, OUTLINE, PLAN, SKETCH, DINE, FEAST, FEED, SUP, ELLA, ME, SUS, YO, FIT, JIM, PICKINGS, SHADY",0,0,0
105,"BRAND, COLLECTION, LABEL, LINE, DODGE, HIDE, HOP, TAG, BUNNY, DUCK, MARTIAN, PIG, GREECE, HARE, KATZ, MAIM",0,0,0
106,"KID, NEEDLE, RIB, TEASE, CHUCK, FLANK, LOIN, ROUND, MIA, OMG, PIN, RAM, LIBRE, MAMA, MULE, SLING",0,0,0
107,"HEADLINER, LEAD, PRINCIPAL, STAR, CROSS, GARLIC, SILVER, SUN, CRACKED, LAMPOON, MAD, ONION, MED, MUSIC, SANDWICH, SODA",0,0,0
108,"BRASS, CHEEK, GALL, NERVE, COLLAR, HALTER, HARNESS, LEAD, CAROUSEL, GLOBE, RECORD, TOP, FERRY, MERCURY, NICKS, PLANT",1,3,1
109,"CAP, CORK, LID, TAB, PERIOD, SPELL, STRETCH, TIME, CHECK, CONTAIN, CURB, LIMIT, BILL, EGG, FUR, VENOM",1,2,0
110,"BRICK, CHERRY, ROSE, RUBY, DROP, SPLASH, SPOT, SPRINKLE, BEST, CREAM, PICK, TOP, BIRD, BUBBLE, MUD, SPONGE",2,3,1
111,"BUN, HERO, ROLL, WRAP, CHOPS, KISSER, TRAP, YAP, BOB, CLAP, SNAP, TAP, APPLAUSE, DRINKS, FUNDING, GOLF",1,2,1
112,"COUPLE, JOIN, LINK, TIE, BOTHER, HANDFUL, PAIN, PEST, FEW, MANY, SEVERAL, SOME, FOOL, LOVERS, MAGICIAN, TOWER",0,0,0
113,"BENEFIT, FRUIT, RETURN, REWARD, EGG, EVERYTHING, PLAIN, POPPY, ACT, DIRECT, PRODUCE, WRITE, FRANK, MUM, VAMP, WERE",0,0,0
114,"FANCY, LOVE, RELISH, SAVOR, LIKE, LITERALLY, UM, WELL, CYLINDER, PIN, SPRING, TUMBLER, CARROT, HURTS, JEWEL, OM",0,0,0
115,"BAR, CLUB, DISCO, LOUNGE, DITCH, DROP, LOSE, SHED, FATHOM, FOOT, LEAGUE, YARD, BAKE, CLEARANCE, GARAGE, SAMPLE",1,2,1
116,"ACE, CRACKERJACK, EXPERT, HOTSHOT, CHOCK, JACK, TIRE, WRENCH, GLADIATOR, HER, JOKER, SIGNS, POPCORN, RAPTURE, ROCKETRY, SOULMATE",1,1,0
117,"BUTTON, FLY, POCKET, RIVET, LINE, PLANE, POINT, SOLID, FILE, HISTORY, VIEW, WINDOW, ANIMAL, DOOR, KINK, SUPREME",0,0,0
118,"AIOLI, BARBECUE, MARINARA, RANCH, EXAMINE, GRILL, PROBE, QUESTION, BILL, INVOICE, RECEIPT, STATEMENT, ANCESTRY, BROTH, CATTLE, MERCHANDISE",3,9,3
119,"BRIDGE, CRUNCH, DIP, SQUAT, BOUNTY, COWBOY, DUEL, SALOON, CARTER, GORE, KING, TUTU, BUSY, HONEY, QUEEN, SPELLING",0,0,0
120,"DEEP, EXTREME, FIERCE, INTENSE, BUMP, BUTT, KNOCK, RAM, FUZZ, NOISE, SNOW, STATIC, BLOODY, HAIL, PROUD, VIRGIN",0,0,0
121,"ACCEPT, BELIEVE, BUY, SWALLOW, OUTAGE, SHORT, SPIKE, SURGE, ABSTRACT, BRIEF, DIGEST, OUTLINE, CURT, HAIRY, KNEEL, WANE",0,0,0
122,"ELEGANCE, GRACE, STYLE, TASTE, BAKE, BASK, SUN, TAN, AFFECT, IMPACT, MOVE, TOUCH, SEN, SIGHT, SINE, SOUR",0,0,0
123,"BEAKER, DROPPER, GOGGLES, MICROSCOPE, CENTER, HEART, HUB, NUCLEUS, CELL, FORMULA, SHEET, SORT, BODY, LOVE, ROMANCE, SIGN",1,1,1
124,"CILANTRO, LIME, ONION, SALSA, KILO, MEGA, MICRO, PICO, MINI, PENCIL, POODLE, WRAP, CAPITOL, FAITH, FOOT, MOLE",1,1,0
125,"BOOT, BOUNCE, EJECT, TOSS, EARTH, GROUND, LAND, SOIL, BALTIC, BLACK, PHILIPPINE, RED, BIG, PHILADELPHIA, SPLASH, SULLY",2,4,0
126,"BUD, CHUM, MATE, PAL, COLD, DANK, DARK, MUSTY, FUZZ, SCRUFF, SHADOW, WHISKERS, FUND, KITTY, POOL, POT",2,3,1
127,"EXAMPLE, IDEAL, MODEL, SYMBOL, CAR, CONDUCTOR, STATION, TRACK, CYMBAL, SCIMITAR, SIMMER, SYMPHONY, DRUM, MARK, WAX, WIG",0,0,0
128,"BUNK, CROCK, HOGWASH, HORSEFEATHERS, BATON, HAMMER, HURDLE, POLE, GOATEE, HORNS, PITCHFORK, TAIL, BEND, BOWLINE, HITCH, SHEEPSHANK",0,0,0
129,"ADHERE, GLUE, PASTE, STICK, COPY, TEXT, WORDS, WRITING, CARAT, CLARITY, COLOR, CUT, LIST, OK, PLUS, ROD",0,0,0
130,"CURB, GRATE, GUTTER, MANHOLE, AIM, INTEND, MEAN, PLAN, CAL, GAL, IN, OZ, FLEECE, GIRLS, PARACHUTE, RULE",1,1,0
131,"COLUMN, PILLAR, POLE, POST, FOLLOW, MIND, OBSERVE, REGARD, INTEREST, PERCENTAGE, SHARE, STAKE, DIRT, INFORMATION, INTELLIGENCE, SECRETS",1,2,1
132,"FLOOR, ROCK, SHOCK, SURPRISE, ARTICLE, FEATURE, REPORT, STORY, EVEN, FLAT, FLUSH, LEVEL, BALCONY, BOX, ORCHESTRA, STAGE",2,5,0
133,"AD-LIB, FREESTYLE, IMPROV, MAKE UP, BABBLE, COO, CRAWL, NURSE, COSMETIC, EXTERNAL, SHALLOW, SURFACE, BUTTERFLY, DOMINO, PLACEBO, SIDE",0,0,0
134,"RIP, TEAR, WRENCH, YANK, DRILL, EXERCISE, PRACTICE, ROUTINE, AMERICAN, FRONTIER, SPIRIT, UNITED, FRIAR, MONKEY, SUNDRY, WEDDING",4,10,2
135,"CLOWN, RING, TENT, TRAPEZE, LION, SCARECROW, WITCH, WIZARD, HAIR, MAKEUP, PROPS, WARDROBE, JOKER, LOVER, SINNER, SMOKER",4,10,3
136,"CLEAN, NEAT, TIDY, TRIM, HYPER, SUPER, UBER, ULTRA, BALLOON, MUSHROOM, SNOWBALL, SWELL, DOMINO, JACK, MARBLE, STICK",2,3,0
137,"BOWL, BUZZ, CREW, PIXIE, COMPASS, RULER, SCALE, WATCH, CHANNEL, LINE, MAIN, PIPE, CLOWN, COLONEL, KING, MERMAID",0,0,0
138,"CHAIR, CHIEF, DIRECTOR, HEAD, FIELD, GREEN, GROUNDS, LAWN, CHEST, COCO, HAZEL, PEA, BROWN, DOGS, FICTION, UNCHAINED",0,0,0
139,"EXTENT, RANGE, REACH, SCOPE, BRUSH, COMB, DRYER, IRON, ARMS, COAT, CREST, SHIELD, EAR, KETTLE, OIL, STEEL",0,0,0
140,"FLASH, HEARTBEAT, JIFF, WINK, CLASH, SCRAP, TANGLE, TIFF, JACK, LOVE, SQUAT, ZIP, CANE, MONOCLE, SPAT, TOP HAT",0,0,0
141,"DUMP, MESS, PIGPEN, STY, FIRM, SOLID, SOUND, STABLE, CARAMEL, PEANUTS, POPCORN, PRIZE, CHARLEY, CRAZY, DARK, GIFT",1,1,1
142,"DESIRE, DRIVE, RESOLVE, WILL, HAT, SHORTS, SUNGLASSES, TEE, ARRAY, BATTERY, SET, SERIES, FLY, POWER, RADISH, SHOE",2,4,0
143,"BED, CHAIR, COUCH, TABLE, BEAR, HARBOR, HOLD, MAINTAIN, BALANCED, DRY, FULL, SWEET, GOLDILOCKS, IRONIC, LEADERSHIP, TINDER",2,3,2
144,"BOIL, FRY, POACH, SCRAMBLE, BUZZ, KICK, RUSH, THRILL, AXE, DART, HORSESHOE, RING, BODY, BUBBLE, GIFT, SHRINK",0,0,0
145,"BENCHMARK, GAUGE, STANDARD, YARDSTICK, BET, CALL, CHECK, FOLD, COMBINATION, DRY, NORMAL, OILY, KENT, MARY, MASS, WASH",1,1,1
146,"JAB, POKE, PROD, STICK, ADDER, BOA, MAMBA, MOCCASIN, BALL, PRINCE, PUMPKIN, SLIPPER, BOWTIE, ELBOW, TUBE, WHEEL",0,0,0
147,"FALL, SLIP, SPILL, TRIP, MINERAL, SPRING, STILL, TAP, CORSET, DIABOLO, HOURGLASS, WASP, BOO-BOO, BROWN, HONEY, TEDDY",1,1,1
148,"GASPS, HUFFS, PANTS, PUFFS, CANS, CURES, SALTS, SMOKES, BINDS, JAMS, PICKLES, SPOTS, KETTLES, MITTENS, RAINDROPS, WHISKERS",0,0,0
149,"MIGHTY, PRETTY, REALLY, VERY, DAISY, GOOFY, HAPPY, LADY, BABY, NAVY, SKY, TIFFANY, ARMY, COLONY, LIVERY, SHINY",0,0,0
150,"DEPARTED, LEFT, SPLIT, WENT, ACE, AVIATOR, FLIER, PILOT, BLUE, FIN, GRAY, RIGHT, ATM, CASINO, SCHEDULE, SPATULA",0,0,0
151,"AMEND, CORRECT, FIX, REVISE, FIGHT, ROW, SCRAP, TIFF, BINGO, LOTTERY, ROULETTE, WAR, BLUE, COMPUTER, POKER, POTATO",1,1,1
152,"BASS, BASSOON, HARP, RECORDER, BLOOM, BUD, SHOOT, SPROUT, FOSTER, NURSE, RAISE, REAR, CORONA, FLARE, LIGHT, RADIATION",4,10,4
153,"CLIP, PACE, RATE, SPEED, FASTER, GO, HURRY, MOVE, CLIPPER, PACER, ROCKET, SPUR, COMMUTE, MEDICINE, PROMPTER, VISION",0,0,0
154,"BEIGE, CAMEL, KHAKI, TAN, CUT, DITCH, MISS, SKIP, BLOWOUT, ROMP, ROUT, SWEEP, CHEESE, COLOR, HAMSTER, PRAYER",1,2,0
155,"CREDIT, GLORY, PRAISE, PROPS, DISCOVER, FIND, LEARN, REALIZE, CHASE, TAIL, TRACK, SHADOW, NAME, PHOTO, STAMP, VISA",2,5,1
156,"CRICKET, FROG, HARE, KANGAROO, CRUSH, MASH, PRESS, SQUASH, BREAKING, HOCKEY, SKELETON, TRAMPOLINE, MOOD, RECORD, TABLE, VOLLEYBALL",0,0,0
157,"GAB, JAW, YAK, YAP, COW, DOE, EWE, HEN, BIB, EYE, GAG, POP, EAR, MAR, MER, SAT",1,2,1
158,"ASTROTURF, JUMBOTRON, SCOREBOARD, SKYBOX, FUJIFILM, HASSELBLAD, OLYMPUS, POLAROID, BOLOGNESE, NEAPOLITAN, PARMESAN, VENETIAN, CREAMSICLE, JOURNEYMAN, KISSCAM, RUSHMORE",1,3,0
159,"CAST, GENRE, PLOT, TITLE, AFFECT, AIRS, CHARADE, FRONT, BERRY, KING, PAGE, WATERS, FIDDLE, GUESS, NATURE, WIND",0,0,0
160,"CYCLE, PHASE, ROUND, STAGE, CYGNUS, GEMINI, ORION, PEGASUS, CYCLONE, GALAXY, SNAIL, SUNFLOWER, CYCLOPS, MONOLOGUE, SOLITAIRE, UNICYCLE",0,0,0
161,"ABSURDITY, FOLLY, MADNESS, NONSENSE, ADVANCE, MARCH, PROGRESS, PUSH, CHEESE, FEET, GARBAGE, SKUNK, CUT, FAKE, FREEZE, SIX",0,0,0
162,"CONTRACT, LESSEN, REDUCE, SHRINK, BUSINESS, COACH, FIRST, PREMIUM, CHECK, REVIEW, SCREEN, VET, FINALE, PILOT, PREMIERE, SPECIAL",1,1,1
163,"BLAST, KNOCK, SLAM, TRASH, APOLOGIES, OOPS, PARDON, SORRY, DEFENSE, EXCUSE, OUT, REASON, DATE, DEAD, DIRTY, DOH",0,0,0
164,"HIT, SMASH, SUCCESS, WINNER, BUMP, SERVE, SET, SPIKE, MOO, NEW, PIE, ROW, DADDY, DAY, JACKIE, JELL",0,0,0
165,"CANDY, COSTUME, DECORATIONS, PUMPKIN, ANISE, FENNEL, LICORICE, TARRAGON, BEAN, MELON, NOODLE, NUT, BAGUETTE, EMERALD, PRINCESS, RADIANT",2,3,1
166,"CLASS, DIVISION, RANK, TIER, AND, ALSO, PLUS, WITH, BOSTON, GOLDEN, LAB, PIT, DADDY, HARLEM, HOWL, IF",1,2,1
167,"BABY, MOTHER, PAMPER, SPOIL, BOOTY, BUM, CAN, REAR, ROBE, SLIPPERS, TOWEL, WASHCLOTH, CRADLE, EYE, MEOW, PAJAMAS",1,2,1
168,"BALL, BONE, FRISBEE, STICK, BLOCK, COVER, HIDE, OBSCURE, COMMAND, CONTROL, OPTION, SHIFT, BLANK, FLAKE, FORGET, SPACE",1,1,1
169,"DOWN, INHALE, SCARF, WOLF, CONCENTRATION, DEGREE, MAJOR, MINOR, BLANKET, BROAD, GENERAL, SWEEPING, BAR, CADET, HEATER, STATION",0,0,0
170,"GRANDE, MARS, STYLES, SWIFT, CHANNEL, MEANS, MEDIUM, VEHICLE, OUTSIDE, REMOTE, SLIM, SMALL, LARGE, LEGEND, PROOF, ROOM",0,0,0
171,"HALL, LIBRARY, LOUNGE, STUDY, ASSOCIATE, FELLOW, PARTNER, PEER, BUNNY, EGG, JELLY BEAN, PEEP, ANIMAL, BIRTHMARK, SPY, UNIT",1,2,0
172,"MASS, SEA, SLEW, TON, BUCKLE, CAVE, COLLAPSE, GIVE, SHOUT, SNAP, WAVE, WHISTLE, BUTTON, DANCE, FLOP, LAUGH",0,0,0
173,"AGENT, ASSET, MOLE, SLEEPER, FOOT, LINE, METER, VERSE, COUCH, IMPLY, INTIMATE, SUGGEST, KELVIN, OKAY, POTASSIUM, THOUSAND",0,0,0
174,"BREAD, BUTTER, GARLIC, PARSLEY, BET, GAMBLE, RISK, STAKE, ADVENTURE, FANTASY, FRONTIER, TOMORROW, BASEBALL, CRICKET, FRUIT, VAMPIRE",0,0,0
175,"HOP, JUMP, LEAP, SPRING, CHEST, COFFER, SAFE, VAULT, AGE, DAY, ERA, TIME, DRIB, FLOW, REED, TANG",4,10,3
176,"AMERICAN, BLUE, JACK, SWISS, HAMMER, HURDLE, JAVELIN, POLE, CUBAN, KITTEN, STILETTO, WEDGE, DATE, DUTCH, JEOPARDY, SPACE",0,0,0
177,"HEADBAND, MULLET, NEON, SPANDEX, PIKE, SPLIT, STRADDLE, TUCK, ANIMAL, GOLDFISH, OYSTER, RITZ, CORPORATE, ROPE, SALMON, WORD",0,0,0
178,"BITTER, SALTY, SOUR, SWEET, BRAVE, CONFRONT, FACE, MEET, KIND, SORT, TYPE, VARIETY, EXPRESSION, MANNER, ROMANTIC, SURREAL",1,1,1
179,"LUMBER, PLOD, STOMP, TRUDGE, ELASTIC, LIMBER, PLASTIC, SUPPLE, FOIL, GLOVE, JACKET, MASK, BASSINET, CELLOPHANE, HARPOON, ORGANISM",2,3,2
180,"FACTORY, MILL, PLANT, SHOP, WIND, WINE, WING, WINK, CORE, RIND, SEED, STEM, FEATHER, HEAVY, LIGHT, MIDDLE",1,2,0
181,"CARAVAN, FLEET, PARADE, TRAIN, OLIVE, FOREST, LIME, MINT, DEMOCRATIC, EROTIC, NOBLE, SAD, BOOK, CACTUS, HEDGEHOG, SKELETON",1,1,0
182,"BARK, GROWL, HOWL, WHINE, ARM, BRANCH, CHAPTER, WING, CRADLE, FONT, ROOT, SOURCE, CLUE, FROWN, MELLOW, PREEN",1,1,1
183,"BADGERS, BUGS, HOUNDS, NAGS, ANNIE, CABARET, CATS, COMPANY, COMPUTER, PIANO, SUPER, TESTS, FISH, HARD KNOCKS, ROCK, THOUGHT",0,0,0
184,"BORE, DRAG, DRIP, DUD, BRASS, RHYTHM, STRING, WIND, BEAD, DROP, GLOB, TEAR, BEAT, CHARRED, LEAK, PEE",1,3,1
185,"KINDLING, LOG, MATCH, TINDER, BLOW, BUMBLE, FLUFF, SPOIL, DRILL, GRINDER, ROUTER, SAW, FRAME, HANDLE, HINGE, LOCK",4,10,3
186,"GRAZE, NIBBLE, PECK, SNACK, HUNT, TRACK, TRAIL, STALK, BEANS, PASTA, STOCK, VEGETABLES, BROAD, FORE, POD, TYPE",2,3,0
187,"CURL, LOCK, RINGLET, TRESS, COVERAGE, EXPOSURE, PRESS, PUBLICITY, DOM, ION, NESS, SHIP, FAMILY, FLEA, FLYING, MEDIA",1,1,1
188,"CROC, LOAFER, MOCCASIN, SLIPPER, BOA, HEADDRESS, PILLOW, SHUTTLECOCK, BASIC, JAVA, PYTHON, RUBY, COBRA, INSPIRATION, LIGHTNING, UNION",2,4,2
189,"MONITOR, SURVEY, TRACK, WATCH, BEACH, DESERT, HOURGLASS, PLAYGROUND, BAKE, BROIL, LIGHT, TIMER, BLUR, OASIS, PULP, SUEDE",0,0,0
190,"BRUSH, GRAZE, KISS, SKIM, ODD, PERFECT, PRIME, WHOLE, OYSTER, PLUM, SOY, XO, CLAW, FRUIT, HUG, WITNESS",0,0,0
191,"EGG, GOAD, SPUR, URGE, JAWBREAKER, MEATBALL, MOZZARELLA, ORANGE, DAIRY, FROZEN, PRODUCE, SNACK, BANANAS, FIGURE, FISH, STEADY",0,0,0
192,"DROP, ECHO, FREEZE, LAG, MIME, PRISONER, REFEREE, SAILOR, GENIE, MONKEY, PARROT, PRINCESS, APOLLO, CANDLES, FANTASTIC, SAMURAI",0,0,0
193,"BUZZ, DRONE, HUM, PURR, BARGE, DORY, SCOW, SLOOP, AMERICA, HOOK, MORGAN, NEMO, AUTO, BUREAU, DEMO, PLUTO",1,2,1
194,"CANARY, FINK, RAT, SNITCH, JAM, PACK, SQUEEZE, STUFF, CAT, COW, MOUNTAIN, TRIANGLE, BUTTER, DRAGON, FIRE, HORSE",1,2,0
195,"REWIND, SHUFFLE, SKIP, STOP, AIR, RUN, SCREEN, SHOW, BATH, CARD, CURTAIN, PICTURE, EON, ETHER, NET, TOW",2,4,2
196,"ARROW, BOW, QUIVER, TARGET, BRIDGE, GIN, SPIT, WAR, BELT, CLOCK, DECK, SLUG, ANCHOR, DRAGON, HEART, ROSE",1,1,1
197,"CRAB, RAY, SPONGE, SQUID, CIRCLE, DIAMOND, SQUARE, TRIANGLE, BOB, CROSS, HOOK, WEAVE, FEAST, FREE, PANTS, THAT",1,1,1
198,"BRIGHT, FLASHY, GARISH, LOUD, GAS, STINKER, TOOT, WIND, DIRTY, HONEY, PLATINUM, STRAWBERRY, HUG, OF, OXYGEN, ZERO",1,1,0
199,"BROTHER, LORD, PLEASE, SHEESH, BISHOP, CARDINAL, PASTOR, PRIOR, HEART, MADONNA, PRINCE, QUEEN, DELI, NIECE, ROAM, SOUL",0,0,0
200,"COCOA, COFFEE, MATE, TEA, BORING, DULL, MUNDANE, VANILLA, ACT, BIT, ROUTINE, SET, DIRTY, DRY, TWIST, UP",0,0,0
201,"AGENCY, COMPANY, ENTERPRISE, FIRM, COOP, PEN, STABLE, STY, FLUFFY, REX, ROVER, SPOT, INK, LACK, OLD, RANGE",0,0,0
202,"BREAK, HOLIDAY, LEAVE, RECESS, BUCKLE, HOLE, LOOP, STRAP, HOLEY, HOLI, HOLY, WHOLLY, DOG, DRIFT, HOLLY, SANDAL",1,1,0
203,"CLIP, CUT, PARE, TRIM, BUILT, JACKED, RIPPED, SWOLE, BUFF, FAN, LOVER, NUT, BRAIN, PRUNE, PUG, WALNUT",0,0,0
204,"CHEER, GLEE, FESTIVITY, MIRTH, BAND, CATERER, FLORIST, OFFICIANT, CHOIR, FIRE, LIAR, FRYER, BARBECUE, ORCHESTRA, SNAKE, TAR",2,3,2
205,"BANG, HAMMER, POUND, SLAM, CHRONICLE, HERALD, REGISTER, SUN, BANANA, CROISSANT, MOON, SICKLE, FEATHER, FLOWER, MUSHROOM, STAR",1,1,1
206,"PITCH, PLUG, PROMOTE, PUSH, COUPLE, ITEM, PAIR, THING, AD, ALL, DEUCE, LOVE, BREAD, DRAGON, JACK, PASSION",1,1,1
207,"CREST, PEAK, SUMMIT, VERTEX, CELL, CONTACT, DIGITS, NUMBER, BABY, MINI, POCKET, TOY, BAG, BOARD, RACKS, TILES",2,4,2
208,"ACHE, BURN, SMART, STING, GUARD, MIND, TEND, WATCH, BRAIN, COURAGE, HEART, HOME, ANSWER, TWO, WRIST, WRONG",0,0,0
209,"BALL, BASE, BAT, GLOVE, BLOW, LICK, SOCK, STRIKE, BOOT, IRON, THIMBLE, TOP HAT, BAD, BUGS, DUST, HONEY",2,4,2
210,"BIG, HOT, IN, POPULAR, CHARACTER, GLYPH, ICON, SYMBOL, ASSESS, CHARGE, FINE, LEVY, HANDSOME, HIPPO, LEGEND, LIPID",0,0,0
211,"CALCULATOR, CALENDAR, CAMERA, CLOCK, CONE, IRIS, LENS, PUPIL, DADA, GRAMMY, MUM, POPPY, EXPOSE, PATE, RESUME, ROSE",0,0,0
212,"COIN, CREATE, DEVISE, INVENT, FINE, PRIME, QUALITY, STERLING, AT, DOLLAR, PERCENT, POUND, BAR, BUCK, TIME, TORCH",1,1,1
213,"BATON, SCEPTER, STAFF, WAND, CAVITY, CROWN, FILLING, PLAQUE, APPROVED, PAID, URGENT, VOID, GAP, LEAP, LIGHT, SCHOOL",1,2,1
214,"FLEECE, HOSE, ROB, STIFF, CANDLE, CRAYON, HONEYCOMB, SEAL, CABIN, ENGINE, NOSE, WING, BULB, EAR, HEAD, STALK",0,0,0
215,"DIP, DROP, FALL, SINK, BLAZE, FLY, RACE, TEAR, MODERN, SALSA, SWING, TAP, BOOM, CARROT, SHOWER, TALK",1,3,1
216,"CHERRY, FUDGE, NUTS, SPRINKLES, DESERT, DITCH, MAROON, STRAND, CURSES, DARN, RATS, SHOOT, FUZZY, PEPPERS, SEASHELLS, WOODCHUCK",0,0,0
217,"GRANDSTAND, PEACOCK, POSTURE, STRUT, MAIN, PARAMOUNT, PRIME, SUPREME, BLUE, GREEN, WHITE, YELLOW, CHAIN, COVER, LOVE, SCARLET",4,10,4
218,"MEAN, MEDIAN, MODE, RANGE, BASE, BOND, ELEMENT, SOLUTION, AWFUL, PRETTY, RATHER, REAL, GLASS, GROSS, KING, STERN",1,1,1
219,"CON, DUPE, FOOL, TRICK, DOPE, SCOOP, SKINNY, WORD, CANT, LEAN, LIST, SLOPE, BOOB, EGGSHELL, GIGGLE, HELLO",0,0,0
220,"BALLOT, ROSTER, SLATE, TICKET, BUFFER, CUSHION, PAD, SHIELD, CAPSULE, CREAM, SYRUP, TABLET, COAT, GREEN, POD, SOUP",0,0,0
221,"BILL, CHECK, INVOICE, TAB, PINCH, ROB, STEAL, SWIPE, BUCK, BULL, JACK, TOM, JEAN, PANT, SHORT, TIGHT",2,6,1
222,"BADGE, INVITE, PASS, TICKET, CHAIR, DIRECT, LEAD, RUN, CENTER, END, SAFETY, TACKLE, HOLD, PUNT, STALL, TABLE",0,0,0
223,"ISSUE, MATTER, POINT, SUBJECT, CHAPTER, PERIOD, PHASE, STAGE, DASH, SHOCK, TANK, WHEEL, BLEW, CHORAL, READ, ROWS",0,0,0
224,"GAS, LIQUID, PLASMA, SOLID, GREAT, HERO, ICON, LEGEND, PHAT, PHEW, PHILLY, PHISH, ELEVATOR, FEVER, PERFECT, SALES",2,4,1
225,"CHARM, CURSE, HEX, SPELL, FLUE, GRATE, LOG, POKER, CARDS, CHIPS, DICE, SLOTS, CRUMBLE, MELT, SHRED, SLICE",2,5,1
226,"BROOM, MOP, RAG, SPONGE, SALT, FAT, ACID, HEAT, DUST, PEPPER, POLLEN, SMOKE, MAGNUM, MONK, SHAFT, TRACY",1,1,1
227,"BASKETBALL, CARROT, GOLDFISH, PUMPKIN, POLE, ROD, STAFF, STICK, CART, CLUB, HOLE, TEE, CIRCLE, HORSESHOE, PITCHFORK, TRIANGLE",0,0,0
228,"ALPHABET, AMAZON, APPLE, META, BAR, FINAL, ORAL, PHYSICAL, BEAUTY, GEM, MARVEL, PEACH, BABY, EYE, SWEET, WISDOM",0,0,0
229,"FUNK, MUSK, ODOR, TANG, ROCK, SWAY, SWING, WAVE, AFRO, BONE, FIGHT, LOCK, CRYSTAL, DISCO, FOUL, GUTTER",1,1,1
230,"JOSH, KID, RIB, TEASE, HEIGHT, MAX, PEAK, TOP, DOZEN, GROSS, PAIR, SCORE, ADULT, KISS, TEN, TIMES",1,2,1
231,"BOW, BOX, CARD, WRAPPING, BLOCK, MATCH, MESSAGE, SWIPE, FIRE, LIT, SICK, TIGHT, BREAK, CHARM, DUCK, STRIKE",0,0,0
232,"FLOAT, FLY, GLIDE, SOAR, BUG, MIKE, TAP, WIRE, CHECK, MARK, TICK, X, 40, COLE, PAIN, TIP",1,1,1
233,"BREAD, BACON, LETTUCE, TOMATO, BLOCK, CLOG, JAM, STOP, DOUBLE, HIT, RUN, WALK, FRY, TALK, WONDER, WORLD",1,1,0
234,"PLANT, SEED, WATER, WEED, CAESAR, GREEK, GREEN, WEDGE, FEUD, MILLIONAIRE, PYRAMID, WHEEL, WAY, WEE, WHY, WHOA",1,4,0
235,"CLUB, GROUP, PARTY, TEAM, CLARITY, DEFINITION, DETAIL, RESOLUTION, CHAMPAGNE, DIJON, NICE, TOURS, BALL, COUNTDOWN, FIREWORKS, KISS",1,3,1
236,"ORCA, PANDA, SKUNK, ZEBRA, CHAIN, SERIES, STRING, TRAIN, BASS, DOVE, DESERT, WIND, BEAR, SAND, SPEED, TOURIST",0,0,0
237,"CROP, POLO, TANK, TEE, BAD, FLY, FRESH, RAD, BEE, EX, GEE, JAY, BOY, BY, CURIOUS, SAINT",1,1,1
238,"BUMPER, HOOD, TIRE, TRUNK, BOLT, DART, DASH, ZIP, CARDINAL, JAY, LARK, SWIFT, HANCOCK, HOLIDAY, MONK, PARKER",1,1,1
239,"MESSAGE, OMEN, SIGN, WARNING, GEN, MS, PROF, REV, CHARCOAL, INK, PAINT, PASTEL, BELL, BLACK, DR, GHOST",2,4,1
240,"ALLEY, DRIVE, LANE, STREET, FOLIO, LEAF, PAGE, SHEET, CHECK, CURB, LIMIT, STEM, BLOW, HOLD, PICK, THUMB",2,3,2
241,"BABY, BOO, DEAR, LOVE, LINE, POINT, RAY, SEGMENT, ENERGY, FIRE, JUICE, ZIP, AGENT, CODE, SANTA, SAUCE",0,0,0
242,"LIGHT, MELLOW, MILD, SOFT, BELLY, CHOP, HOCK, SHOULDER, CROWN, ROBE, TABLET, TORCH, CANDLE, DANDELION, DICE, EYELASH",1,2,1
243,"BOAT, CAR, PLANE, TRAIN, DOWN, GAME, IN, ON BOARD, DASH, DROP, PINCH, SPLASH, BLUE, GOOSE, RASP, STRAW",1,1,0
244,"ANGEL, CLOWN, PIRATE, WITCH, COMB, HIVE, HONEY, WAX, PERIOD, SPELL, STRETCH, WHILE, DEAR, HAIR, HOARSE, WAIL",2,4,2
245,"DRYER, HAMPER, IRON, WASHER, DIRECT, GUIDE, LEAD, STEER, IODINE, IOTA, MYSELF, ONE, DEATH, HIDDEN, SILICON, UNCANNY",1,1,1
246,"BUZZ, CALL, DIAL, RING, APPENDIX, CHAPTER, INDEX, PREFACE, DINKY, LITTLE, MINUTE, SLIGHT, ITCHY, JERRY, PINKY, SPEEDY",0,0,0
247,"BELT, BRACELET, TIE, WATCH, BIT, JOKE, ROUTINE, SKETCH, APPEAL, CHARM, DRAW, PULL, CANINE, FREIGHT, OFTEN, STONE",0,0,0
248,"FLASH, JIFFY, SECOND, WINK, CHIEF, FIRST, MAIN, PRINCIPAL, BROADWAY, FIFTH, MADISON, PARK, AMATEUR, ELEVENTH, HAPPY, RUSH",1,1,1
249,"BANK, SAVE, STASH, STORE, GALL, GUTS, NERVE, STONES, CARROT, COAL, SNOW, STICKS, BONE, BUSINESS, GIRL, PAGES",0,0,0
250,"HOE, PLOW, RAKE, SICKLE, PLOT, PLOY, RUSE, TRICK, AMUSE, DELIGHT, PLEASE, TICKLE, BANG, PLOP, SPLASH, THUD",4,10,4
251,"CRAB, CRANK, GROUCH, GRUMP, CROUCH, DUCK, SQUAT, STOOP, ANTHEM, FLAG, MOTTO, SEAL, CHEAT, CROOK, QUACK, SHARK",1,3,1
252,"BADGER, BUG, HOUND, NAG, ARENA, BOWL, DOME, FIELD, DIVIDE, FORK, PART, SPLIT, FOX, LINING, SCREEN, SPOON",0,0,0
253,"BUNKER, FAIRWAY, GREEN, ROUGH, ENOUGH, MERCY, STOP, UNCLE, BAWDY, BLUE, COARSE, RISQUE, BOUGH, COUGH, DOUGH, TOUGH",1,1,1
254,"CLOUD, FOG, HAZE, MIST, SHADOW, TAIL, TRACK, TRAIL, BALL, BUMPER, FLIPPER, PLUNGER, ICE, IRE, FIN, NETHER",1,1,1
255,"CHIFFON, SATIN, SILK, VELVET, PERCH, ROOST, SETTLE, LAND, EYELET, LACE, SOLE, TONGUE, BABY, BLOW, PACKAGE, SPEECH",4,10,2
256,"BANK, BED, DELTA, MOUTH, BREEZE, CINCH, PICNIC, SNAP, COIL, SPIRAL, TWIST, WIND, BOUND, LEAP, SPRING, VAULT",1,2,1
257,"FLOAT, SHAKE, SPLIT, SUNDAE, BOLT, NAIL, RIVET, SCREW, CORN, OLIVE, PALM, PEANUT, FINGERS, NOTE, RICE, WICKET",1,2,1
258,"EBB, FADE, FLAG, WANE, PURE, SHEER, TOTAL, UTTER, AIR, SPEAK, STATE, VOICE, BANNER, PRINCE, STARK, WAYNE",0,0,0
259,"HI, LA, MA, OK, BET, E, HALLMARK, USA, ALFA, BRAVO, ROMEO, TANGO, BOO, POM, TOM, YO",1,3,1
260,"CLEF, NOTE, REST, STAFF, BULL, CRAB, SCALES, TWINS, CAPITOL, COLUMBIA, VIRGIN, ISLAND, CAN, GEM, LIB, TAU",2,4,1
261,"BIG, GIANT, GREAT, HUGE, FICTION, HUMOR, POETRY, TRAVEL, CHEERS, EUPHORIA, FELICITY, GLEE, CONSTRUCTION, FRASIER, PAPER, WHOOPING",2,4,1
262,"BAGUETTE, BUN, LOAF, ROLL, CLINCH, GUARANTEE, LOCK, SECURE, CHIP, MARK, NICK, SCRATCH, HAIR, LETTUCE, STATE, STEAM",2,4,2
263,"CABLE, ELECTRIC, GAS, WATER, ACOUSTIC, AUDITORY, HEARD, SONIC, COUPLE, HITCH, LINK, TIE, AMP, FIRE, HYPE, PUMP",2,5,2
264,"BASKET, BIN, CHEST, HAMPER, BAND, CIRCLE, HOOP, RING, CAP, CHECK, CURB, LIMIT, NBA, PAPER, PEARL, TRAFFIC",2,3,2
265,"MALL, MARKET, OUTLET, STORE, SHAVE, THREAD, TWEEZE, WAX, CUT, PIECE, SHARE, TAKE, ALLEN, CRESCENT, MONKEY, SOCKET",0,0,0
266,"DODGE, DUCK, ESCAPE, SKIRT, BIRDS, NOTORIOUS, REBECCA, ROPE, GOOSE, HOBBES, ROBIN, WATSON, COTTAGE, CREAM, SAY, STRING",0,0,0
267,"ARCH, BALL, SOLE, TOE, BASS, HARP, HORN, ORGAN, COME, DOWN, SIT, STAY, DOG, HEEL, JERK, SNAKE",2,5,2
268,"BEDROOM, DEN, KITCHEN, STUDY, ATOLL, BAR, ISLAND, KEY, CRAM, JAM, PACK, STUFF, BAG, COUNTER, DIP, SPROUT",1,1,1
269,"HUM, SING, SCAT, WHISTLE, COUNT, GROSS, SUM, TOTAL, LIME, MINT, RUM, SODA, GLUE, GUM, TAPE, STICK",4,10,2
270,"CITY, COUNTY, TOWN, VILLAGE, CHOP, GRIND, PULSE, PUREE, CAPITAL, EQUITY, INTEREST, STOCK, IVY, JUSTICE, LITTLE, PREMIER",3,9,3
271,"HIDDEN, PRIVATE, REMOTE, SECRET, AMOUNT, NUMBER, QUANTITY, VOLUME, CANAL, CHANNEL, SOUND, STRAIT, 96, MOW, NOON, SIS",4,10,4
272,"KNOCK, PAN, ROAST, SLAM, ALONE, CATFISH, CHOPPED, SURVIVOR, FIAT, JAGUAR, MINI, RAM, BACHELOR, LILY, MAXI, MOUSE",0,0,0
273,"PASTY, PIE, TART, TURNOVER, BOUQUET, PARFAIT, RAGOUT, RAPPORT, JAPAN, POLAND, TUNISIA, TURKEY, BIRD, CURRY, JAMES, JORDAN",2,4,2
274,"CANYON, GULCH, PASS, RAVINE, GORGE, GULP, SCARF, WOLF, APPLE, BASHFUL, MIRROR, QUEEN, CHEN, CLARK, COWL, CRAVEN",1,3,1
275,"CANINE, FANG, MOLAR, TUSK, CHIC, HIP, HOT, IN, FLOSS, ROBOT, VOGUE, WORM, LEECH, STRAW, VACUUM, VAMPIRE",0,0,0
276,"CARDINAL, LAMA, MONK, PASTOR, BABOON, BONOBO, GIBBON, GORILLA, MANGO, MINT, TAMARIND, TOMATO, APE, MIME, MIRROR, PARROT",1,1,1
277,"BIRTH, CREATION, DAWN, START, AUGUST, GRAND, NOBLE, REGAL, MARCH, STEP, STRIDE, TREAD, EARTH, GROUNDHOG, LABOR, MAY",1,3,1
278,"GANDER, GLANCE, GLIMPSE, LOOK, ACT, BLUFF, CHARADE, FRONT, CLIFF, CRAG, LEDGE, RIDGE, PEAK, PEEK, PEKE, PIQUE",2,3,1
279,"DIPS, LUNGES, PLANKS, SQUATS, BEST, CHEERS, REGARDS, THANKS, CARDS, JAYS, NATS, YANKS, BANKS, MOSS, TAYLOR, WARREN",2,5,1
280,"BULL, HOGWASH, NONSENSE, ROT, DIRECT, GUIDE, LEAD, STEER, BUFFALO, DEER, FISH, MOOSE, DANE, LAKE, SEAL, WHITE",0,0,0
281,"EW, ICK, PU, UGH, O, OK, US, W, HAI, JA, SI, DA, OUI, WE, WEE, WII",1,1,0
282,"ANGER, FEAR, HAPPINESS, SURPRISE, BEHOLD, PRESTO, TADA, VOILA, GET, LAND, SECURE, WIN, ADAM, CARPENTER, FIRE, RED",1,2,0
283,"LETTER, PARAGRAPH, SENTENCE, WORD, FEATURE, HALLMARK, STAMP, TRAIT, CARD, CLOWN, CUTUP, JOKER, BOOK, TABLE, TEA, TREE",2,5,2
284,"FORD, GRANT, LINCOLN, WILSON, COACH, GM, PLAYER, SCOUT, BMW, HONDA, JAGUAR, SUBARU, AUTO, POST, SEMI, SUB",0,0,0
285,"LIGHT, SHORT, SPARE, THIN, BALL, BLAST, KICK, RIOT, BOOM, DOLLY, LENS, TRIPOD, CLUE, GRIP, LIFE, ROOM",0,0,0
286,"ANISE, DILL, NUTMEG, SAGE, BRIGHT, QUICK, SHARP, SMART, AXE, DEGREE, OLD SPICE, SECRET, CLUB, MACE, SPEAR, SWORD",1,2,1
287,"DIET, EXERCISE, FRESH AIR, SLEEP, COMPOSE, FORWARD, REPLY ALL, SEND, RADIOLAB, SERIAL, UP FIRST, WTF, BLACK, DIVINE, PROP, SKETCH",0,0,0
288,"FLIP-FLOP, SUNSCREEN, TOWEL, UMBRELLA, CURLY, SHOESTRING, WAFFLE, WEDGE, HEDGE, SEE-SAW, WAVER, YO-YO, BREEZE, MARY, MULE, RUSSIAN",1,1,1
289,"CHIME, DING, PING, RING, RAT, SING, SNITCH, SQUEAL, CAMP, DIVISION, FACTION, WING, BING, EDGE, SURFACE, WORD",1,3,1
290,"BOND, CD, OPTION, STOCK, LP, PLATTER, VINYL, WAX, BOUILLON, DIE, ICE, SUGAR, FUNNY, HERRING, SOUP, WISH",0,0,0
291,"EVEN, LEVEL, STABLE, STEADY, LANCE, PIN, SKEWER, SPIT, BILLBOARD, PITCHFORK, ROLLING STONE, SPIN, UNIFORM, BICYCLE, TRILOGY, QUADRANT",1,1,0
292,"DRILL, PRACTICE, STUDY, TRAIN, HOSE, PIPE, STRAW, TUBE, CANDLESTICK, KNIFE, ROPE, WRENCH, CIGARETTE, BIKE, TICKET, SPORTS",0,0,0
293,"HOWEVER, STILL, THOUGH, YET, HEAR, KNOCK, THERE, TUT, ARE, SEE, WHY, YOU, FAMILY, FLUSH, JELLY, WE",0,0,0
294,"BURN, KINDLE, LIGHT, TORCH, DATA, INFO, INTEL, NEWS, DELL, GLEN, HOLLOW, VALLEY, APPLE, COMPUTER, PLANET, REACTOR",1,2,1
295,"FOLLOW, LIKE, SHARE, SUBSCRIBE, DARN, HEM, SEAM, SEW, ER, HOUSE, RATCHED, SCRUBS, ERM, UH, UM, WELL",4,10,3
296,"DAISY, ROSE, TULIP, VIOLET, BARN, CHICKEN, FARMER, TRACTOR, ASTER, CARPENTER, CRAVEN, WAN, DUST, LIFE, SPORTS, YELLOW",0,0,0
297,"BEAK, FEATHER, TALON, WING, FLASH, HEARTBEAT, SECOND, WINK, BAMBOO, DRAGON, SEASON, WIND, BELLY, HOT, PANIC, SNOOZE",1,1,1
298,"HASH, JUMBLE, MEDLEY, STEW, CHALLENGE, CONFRONT, FACE, OPPOSE, BROOD, CLUTCH, HATCH, LITTER, BODY, BRIDGE, FRET, NECK",1,3,0
299,"SIGHT, SMELL, TASTE, TOUCH, DRESS, LOOK, MANNER, STYLE, DITTO, LIKEWISE, SAME, SECOND, BLUE, HARVEST, NEW, SAILOR",2,4,2
300,"BRASS, CHEEK, GALL, NERVE, COPPER, GOLD, NICKEL, SILVER, MERCURY, SKY, SPARKS, LIBERTY, CARS, ELEPHANTS, SWIMMERS, TREES",2,3,1
301,"BUILD, GROW, SWELL, MOUNT, ACES, KEEN, NEATO, NIFTY, FOAM, FROTH, HEAD, LATHER, BUBBLE, GLOBE, MARBLE, PEARL",4,10,4
302,"FUTURE, PAST, PERFECT, PRESENT, GOODNESS, HEAVENS, LORD, MERCY, DRUMMER, LADY, RING, SWAN, CORN, COUGH, MAPLE, SIMPLE",1,1,1
303,"COLONY, HERD, PRIDE, SCHOOL, CRANNY, NICHE, NOOK, RECESS, CLASSIC, DEFINITIVE, MODEL, TEXTBOOK, BACKPACK, BIGWIG, DOWNTOWN, RAGTAG",4,10,2
304,"FOCUS, RING, SILENT, VIBRATE, DRIVE, INSPIRE, MOTIVATE, SPUR, CONNECTION, FEELINGS, SPARK, VIBE, CANDY, COPY, KNOCKS, SELTZER",1,2,1
305,"CHILL, HANG, LOAF, LOUNGE, BANGER, BOP, GROOVE, JAM, MASH, ROAST, SCONE, TRIFLE, BIND, PICKLE, SCRAPE, SPOT",0,0,0
306,"BOWL, DISH, PLATE, SAUCER, BALONEY, BUNK, CROCK, TRIPE, CUP, HOOK, STRAP, WIRE, LASER, RADAR, SCUBA, SPAM",0,0,0
307,"DEN, HIVE, LAIR, NEST, CLOUD, METAVERSE, NET, WEB, EQUAL, EVEN, FAIR, JUST, GOOD, IMPOSSIBLE, NOTHING, WARREN",1,3,1
308,"FABRICATE, FAKE, FIX, FORGE, FIDDLESTICKS, FIE, FRICK, FUDGE, FARGO, FIREFLY, FLEABAG, FLIPPER, FASHION, FOOD, FORWARD, FRIENDS",0,0,0
309,"BORE, DRAG, SNOOZE, YAWN, BREEZE, DRAFT, GUST, PUFF, BITE, KICK, TANG, ZIP, BOXER, GOGGLE, PANT, TONG",0,0,0
310,"BOO, HISS, JEER, RASPBERRY, BOMB, DUD, FLOP, LEMON, DESERT, GHOST, IGNORE, JILT, BOTTOM, CANDY, GARDEN, STAR",0,0,0
311,"FRIDAY, SATURDAY, SUNDAY, THURSDAY, ROT, SOUR, SPOIL, TURN, FESTER, LURCH, THING, WEDNESDAY, CAT, CHANCE, LIP, TUESDAY",1,2,1
312,"FILE, HAMMER, LEVEL, SAW, JERK, TUG, WRENCH, YANK, COPY, FIND, PRINT, SAVE, BABE, BEETHOVEN, CHARLOTTE, WILLY",1,2,1
313,"BOTTOM, BUNS, SEAT, TAIL, CORD, CRADLE, DIAL, HANDSET, CRIB, DIGS, JOINT, PAD, BOOTY, LOOT, SPOILS, SWAG",1,4,1
314,"FAVA, KIDNEY, LIMA, PINTO, LAGOS, LIMERICK, LINCOLN, LUXOR, LINE, METER, RHYME, VERSE, CREATOR, DUDE, RAPPER, STALLION",2,5,1
315,"BLOCK, COVER, HIDE, MASK, CROWN, DIAL, HAND, STRAP, LASSO, SHIELD, SWORD, TIARA, CANDIDATE, FAUCET, MASCARA, NOSE",0,0,0
316,"ACTION, CAMERA, CUT, LIGHTS, CAN, COULD, MAY, MIGHT, HEAD, LEAD, PRIME, TOP, BUTCHER, SCRAP, TOILET, WAX",1,1,1
317,"GENESIS, GERM, SEED, SOURCE, ACTS, JOB, KINGS, MARK, FLAMES, KRAKEN, STARS, WILD, NAP, PLANT, RANGER, TRIP",0,0,0
318,"CORN, CUCUMBER, PEPPER, TOMATO, CROWN, DOME, MELON, NOODLE, CUT, NUMBER, SINGLE, TRACK, BIRD, KETTLE, REFEREE, TRAIN",0,0,0
319,"ANNIVERSARY, BIRTHDAY, SHOWER, WEDDING, BARS, RECEPTION, SERVICE, SIGNAL, BATH, DERBY, READING, SANDWICH, COMIC, MET, ROCK, SOAP",1,1,1
320,"DARREN, KAREN, SHARON, AARON, DALE, BROOK, SAVANNA, CLIFF, DREW, ROSE, WILL, MAY, EVE, HANNAH, OTTO, NATAN",0,0,0
321,"DEAD, HAHA, LOL, ROFL, DADA, DECO, GOTHIC, POP, HOOK, NANA, PETER, WENDY, BIRD, GAGA, LUCK, MACBETH",1,2,1
322,"ARM, BRANCH, CHAPTER, WING, BUSHEL, PECK, STONE, TON, ANGEL, CUB, MET, RED, AUNT, BEATLE, FLEE, NAT",0,0,0
323,"MISTLETOE, REINDEER, SNOWMAN, STOCKING, DISPLAY, EXHIBIT, PRESENT, SHOW, BAGEL, CHEERIO, DONUT, LIFESAVER, CANDY CANE, CROSSWALK, REFEREE, TIGER",0,0,0
324,"AFGHAN, ALPACA, ANGORA, YAK, BLATHER, CHAT, JABBER, GAB, CONVERSE, JORDAN, PUMA, VANS, LEAD, SPEECH, TRIAL, WATER",1,1,0
325,"BOW, KNEEL, SALUTE, STAND, CLOCK, MAIL, MAPS, NOTES, DOWN, FUR, SCALES, SHELL, ARROW, DOG, FINGER, HINT",1,4,1
326,"CUP, LID, STIRRER, STRAW, BAT, MOTH, OWL, WOLF, BEET, BRICK, CARDINAL, POPPY, ACTION, BALLPARK, GO, STICK",2,4,1
327,"CLUB, DIAMOND, HEART, SPADE, IRON, PUTTER, WEDGE, WOOD, ACHE, LONG, PINE, THIRST, LOW, SHORT, SHY, WANTING",4,10,3
328,"CENTRAL, CRITICAL, KEY, VITAL, GLASS, METAL, PAPER, PLASTIC, HENRY, JENNIFER, KATE, ROCK, ASSIGNMENT, DEFEAT, TEMPO, TIRED",2,3,1
329,"FLASH, GLEAM, GLITTER, SPARKLE, FISH, FORAGE, HUNT, TRAP, BOUNCE, CRUNK, DRILL, GRIME, BEER, BULB, RAIL, YEAR",2,3,2
330,"ACORN, CONE, POLLEN, SAP, CHOCOLATE, GUM, LICORICE, LOLLIPOP, CHUMP, FOOL, MARK, SUCKER, FACE, HURRICANE, NEEDLE, POTATO",1,3,1
331,"BOA, MAMBA, PYTHON, VIPER, GARTER, SLIP, TEDDY, THONG, ABSTRACT, BRIEF, DIGEST, RUNDOWN, CIRCLE, HOUSE, MONTY, MOON",2,5,1
332,"BOUQUET, RING, TRAIN, VEIL, CAKE, COAT, COVER, CRUST, BLACK, FROST, MA, SPARROW, BOOK, GRAM, IN, TUBE",0,0,0
333,"GRATER, LADLE, PEELER, WHISK, BIRD, FISH, MAMMAL, REPTILE, DINOSAUR, MUSHROOM, PLUMBER, PRINCESS, BUNKER, CLEAVER, PARTRIDGE, TANNER",2,3,1
334,"FIT, HEALTHY, SOUND, STRONG, DIP, DROP, FALL, SINK, FOUNTAIN, SPRING, TAP, WELL, KEYS, NICKS, SUMMER, SWIFT",0,0,0
335,"FLOAT, MALT, SHAKE, SUNDAE, CONCRETE, FIRM, SOLID, TANGIBLE, GLASS, OLD, SIGNS, SPLIT, DASH, HOVER, KEY, STAR",1,2,1
336,"BARTENDER, CHEF, HOST, SERVER, BUS, CAR, MOTORCYCLE, TRUCK, ANIMAL, BEAKER, GONZO, SCOOTER, DIGIT, DOG, MITT, PIGGY",2,3,2
337,"BACKUP, COPY, EXTRA, SPARE, ALLEY, BALL, LANE, PIN, MUG, PEN, TEE, TOTE, ATE, FOR, TOO, WON",3,7,1
338,"BOOKMARK, HISTORY, TAB, WINDOW, BUTTON, COLLAR, CUFF, POCKET, BOND, LINK, RELATION, TIE, DOZEN, JOKE, LAUNDRY, MARTINI",2,5,2
339,"BRIGHT, CLEVER, QUICK, SHARP, ALASKA, FRONTIER, SOUTHWEST, SPIRIT, COWBOY, DRIFTER, OUTLAW, SHERIFF, LASSO, MARS, ROGERS, SMART",2,5,1
340,"APRICOT, FIG, GRAPE, LIME, DELUXE, GRAND, LAVISH, OPULENT, BERRY, FOSTER, STONE, SWANK, ENVIOUS, FRESH, NAIVE, UNWELL",1,2,1
341,"GIANT, PRINCESS, WITCH, WOLF, BISHOP, MATE, GAMBIT, QUEEN, CHARLIE, PEPPERMINT PATTY, PIGPEN, WOODSTOCK, LUCY, NEW YORK, ROCK N ROLL, YOU",1,2,1
342,"BUFFALO, COW, GOAT, SHEEP, BEAM, GLOW, RADIATE, SHINE, FLOOR, HORSE, RINGS, VAULT, CUTIE, ENVY, EXCEL, SEEDY",1,2,1
343,"IRIS, LENS, PUPIL, RETINA, BOGUS, FAKE, PHONY, SHAM, COPY, OUT, OVER, ROGER, ALEJANDRO, LOLA, MICHELLE, STAN",4,10,2
344,"GET OUT, GO, LEAVE, SCRAM, ME, THEM, US, YOU, NOPE, OPEN, PEON, PONE, BEANIE, FUR, NEPO, SANTA",2,3,1
345,"CHAI, COCOA, COFFEE, TEA, BUZZ, CLUCK, MEOW, OINK, BARK, BRANCH, ROOT, TRUNK, DIRT, DISH, SCOOP, SKINNY",1,3,1
346,"BAT, COBWEB, PUMPKIN, TOMBSTONE, 24, BONES, FIREFLY, WEEDS, 7, BAR, BELL, CHERRY, 22, 451, 2001, 20,000",0,0,0
347,"ANACONDA, CAPYBARA, JAGUAR, TOUCAN, BASE, BOTTOM, FOOT, FOUNDATION, COMPANY, GREASE, HAIR, RENT, CHANGE, CUCUMBER, LEGS, LION",0,0,0
348,"BALL, OUT, SAFE, STRIKE, FORGE, FURNACE, KILN, OVEN, CARP, CATFISH, FLOUNDER, SMELT, COLONEL, SALMON, WALK, YOLK",2,3,2
349,"ESSENCE, HEART, SPIRIT, SOUL, CIDER, PORT, SAKE, STOUT, BRAVE, CARS, COCO, UP, DEMO, RED, SCOTCH, TICKER",0,0,0
350,"HORROR, PICTURE, ROCKY, SHOW, FRAMED, RABBIT, ROGER, WHO, HARRY, MET, SALLY, WHEN, FURY, MAD, MAX, ROAD",0,0,0
351,"GNOME, GOBLIN, OGRE, TROLL, BUD, LEAF, PETAL, STALK, AGENT, MOLE, PLANT, SPY, DRAGON, HORSE, RABBIT, TIGER",2,3,2
352,"CHART, DIAGRAM, GRAPH, MAP, BONUS, EXTRA, ICING, PERK, GRAVY, PIE, STUFFING, TURKEY, I RAN, ISTANBUL, MONTERO, SATISFACTION",2,4,1
353,"BRUSH, CANVAS, EASEL, PALETTE, DRIVE, NEUTRAL, PARK, REVERSE, COMB, GEAR, SAW, ZIPPER, FIRST, FOLDING, HIGH, LAWN",0,0,0
354,"COW, DOE, HEN, MARE, I, IT, THEY, WE, D, L, M, V, EWE, U, YEW, YOU",1,1,1
355,"BARE, NAKED, NUDE, UNCLAD, BUN, DANISH, MUFFIN, TURNOVER, FUMBLE, PUNT, SACK, SNAP, BUFF, CLIP, FILE, POLISH",2,5,1
356,"GOBLET, SNIFTER, TUMBLER, STEIN, CLARINET, FLUTE, OBOE, SAXOPHONE, BISHOP, FROST, OLDS, POUND, BALLOON, BASSOON, COFFEE, FRICASSEE",1,1,1
357,"FRY, NACHO, POPPER, WING, BINGO, CORRECT, RIGHT, YES, CHIP, DING, NICK, SCRATCH, APPLE, CRACKER, FLAP, LUMBER",0,0,0
358,"SANDBOX, SEESAW, SLIDE, SWING, CLOUT, PULL, SWAY, WEIGHT, ANKH, CROOK, EYE, SCARAB, COURIER, IMPACT, PAPYRUS, TIMES",0,0,0
359,"BOOK, BOUNCE, RUN, SPLIT, FOX, IBEX, LYNX, ORYX, EBONY, JET, ONYX, RAVEN, ASH, BLACK, CYBER, FAT",0,0,0
360,"BLISS, CLOUD NINE, HEAVEN, PARADISE, CON, FAST ONE, HUSTLE, RACKET, HIGH FIVE, HUG, SHAKE, WAVE, BUCKET, GUEST, TOP TEN, WISH",4,10,3
361,"BREAST, DRUMSTICK, TENDER, WING, DRIVER, EAGLE, HOLE, STROKE, CYMBAL, KICK, SNARE, TOM, INFANT, PUB, SWIMMING, TICKER",0,0,0
362,"RISK, SORRY, TABOO, TROUBLE, BUSINESS, NATIONAL, OPINION, STYLE, ATLAS, HERMES, NIKE, PARIS, FOXY, GUCCI, KILLER, NOTORIOUS",0,0,0
363,"BASH, BLOWOUT, PARTY, SHINDIG, CRICKET, PUPPET, WHALE, WOODCARVER, COUNTER, MIXER, RANGE, SINK, BUNNY, EGG, ISLAND, SUNDAY",2,4,2
364,"DODO, MAMMOTH, MASTODON, TRILOBITE, BUSTS, FLOPS, MISSES, TURKEYS, DUDS, GETUP, OUTFIT, THREADS, PECK, SMACK, SMOOCH, X",2,7,2
365,"BEARD, GOATEE, MUSTACHE, STUBBLE, GEAR, HANDLEBAR, PEDAL, WHEEL, DOG, FOLLOW, TAIL, TRACK, DOUBT, MOVIE, SHADOW, VOTE",2,3,2
366,"ACTOR, DANCER, SINGER, STAND-UP, COMET, CUPID, DASHER, VIXEN, CARD, CHOCOLATE, HEART, ROSE, BOYS, LIEUTENANT, SANTA, TASTE",1,1,1
367,"ARIZONA, COLORADO, NEVADA, UTAH, CRUSH, MUG, SPRITE, SQUIRT, GENESIS, KANSAS, RUSH, YES, HAWK, MONTANA, SOPRANO, STARK",0,0,0
368,"COOLER, LANTERN, SLEEPING BAG, TENT, BARB, DIG, DISS, JAB, MINUTE, SLIGHT, SMALL, WEE, CAMPER, HOUR, MEAL, MEDIUM",2,5,2
369,"BUD, CHUM, MATE, PAL, CROCK, POT, SKILLET, WOK, CLOG, PUMP, SLIDE, WEDGE, GRASS, HERB, MARY JANE, WEED",2,3,2
370,"CUP, GALLON, PINT, QUART, AWFUL, QUITE, SUPER, VERY, RAND, REAL, STERLING, WON, CARROT, COFFEE, POUND, SPONGE",0,0,0
371,"CAKE, COBBLER, PIE, TART, FISHER, MASON, MILLER, SMITH, DISTORT, DOCTOR, FUDGE, TWIST, DANCE, MEAL, ONE, ROOT",0,0,0
372,"CENTURY, DECADE, MILLENNIUM, YEAR, CEREAL, OMELET, PANCAKE, WAFFLE, BACON, CLOSE, MUNCH, WHISTLER, EGG, JUROR, MONTH, ROSE",2,5,2
373,"GAS, LIQUID, PLASMA, SOLID, JUICE, SPIRIT, STEAM, VIGOR, AIR, EARTH, FIRE, WATER, CIRCUS, SATURN, TREE, WEDDING",2,4,2
374,"FIDO, LUCKY, ROVER, SPOT, CATCH, NOTICE, OBSERVE, SEE, BAIT, CHUM, FLY, SINKER, BONE, REX, SHIRT, STORM",0,0,0
375,"BUCKLE, BUTTON, SNAP, ZIP, JACK, NADA, NOTHING, SQUAT, CURL, LUNGE, PLANK, PRESS, CRUNCH, KANGAROO, OBVIOUS, PLANET",1,1,1
376,"CO, MA, ME, PA, DO, FA, LA, TI, MU, NU, PI, XI, FE, HE, NA, NI",0,0,0
377,"EINSTEIN, FEYNMAN, HAWKING, OPPENHEIMER, FACULTY, FLAIR, GENIUS, GIFT, BARBIE, BUSH, CRIKEY, MATE, MATCH, MOOT, SELLING, WEST",2,3,2
378,"PURGE, RING, SAW, SCREAM, COURT, DIAMOND, FIELD, RINK, CHARM, DELIGHT, PLEASE, TICKLE, ANKLET, BANGLE, BROOCH, PENDANT",4,10,2
379,"FEW, HANDFUL, SEVERAL, SOME, GLOBE, JOURNAL, POST, SUN, ASTEROID, COMET, MOON, PLANET, LYME, MELLON, PAIR, PLUMB",1,1,0
380,"MITE, SCORPION, SPIDER, TICK, CHAR, EEL, PERCH, SHARK, BLACK WIDOW, BLADE, FLASH, STORM, CATFISH, CRIBS, JACKASS, STATE",0,0,0
381,"HORROR, MUSICAL, ROMANCE, WESTERN, HOUNDSTOOTH, PAISLEY, PLAID, STRIPES, FIB, FICTION, LIE, TALE, DOT, GOOBER, KISS, WHOPPER",1,1,1
382,"ASTEROIDS, BREAKOUT, FROGGER, PONG, HUSTLE, SALSA, SWING, TANGO, PINCH, SPREAD, SWIPE, TAP, CENT, CHAINZ, PAC, SAVAGE",1,1,1
383,"BLOCKS, DOLL, TOP, YO-YO, BAGGAGE, EGGNOG, GIGGLE, LEGGINGS, DUNCAN, JULIET, PUCK, VIOLA, FISH, HOCKEY, MEMORY, SELFIE",0,0,0
384,"ALTAR, RELIQUARY, SHRINE, TEMPLE, FELIX, GARFIELD, SYLVESTER, TOM, CALVIN, CHESTER, GROVER, HARRY, ABBEY, HIGH, ROCKY, SILK",1,2,1
385,"COLONY, HERD, PRIDE, SWARM, BAKED, BLAZED, HIGH, LIT, BIO, CHEM, GOV, STATS, CLASS, DOMAIN, FAMILY, ORDER",3,7,2
386,"KEYBOARD, MONITOR, MOUSE, SPEAKER, GERBIL, HAMSTER, RAT, VOLE, HARP, HORN, ORGAN, TRIANGLE, CARP, GRIPE, GROUSE, MOAN",3,7,3
387,"HERO, HOAGIE, GRINDER, SUB, BUMBLE, HINGE, MATCH, TINDER, BLADE, LOST BOYS, NEAR DARK, TWILIGHT, ANT, DRIVER, SCOTT, WEST",4,10,3
388,"FOOT, INCH, MILE, YARD, ACRYLIC, OIL, TEMPERA, WATERCOLOR, FALAFEL, KATSU, SAMOSA, SCHNITZEL, DIM, NICK, PEN, QUART",4,10,3
389,"AUNT, COUSIN, MOTHER, NEPHEW, DAFFY, KOOKY, QUIRKY, WACKY, DAISY, DEWEY, DONALD, SCROOGE, ALARM, BIOLOGICAL, CUCKOO, GRANDFATHER",2,5,2
390,"CORDUROY, DENIM, LINEN, TWEED, GHOST, PHANTOM, SPECTER, SPIRIT, NEEDLE, POKE, RIB, TEASE, BEAST, GENIE, SCAR, STITCH",1,1,1
391,"DESERT, FOREST, GRASSLAND, TUNDRA, CHAMELEON, GECKO, IGUANA, MONITOR, COBRA, LOTUS, TREE, WARRIOR, CAN, CHA, GO, NAE",1,1,1
392,"CHICAGO, MUNICH, PHILADELPHIA, RIO, ALLURE, ELLE, GLAMOUR, W, BLIZZARD, CYCLONE, SQUALL, TORNADO, COSMOPOLITAN, HURRICANE, MANHATTAN, SCREWDRIVER",1,1,1
393,"BOAT, CAR, PLANE, TRAIN, KING, MAGIC, SUN, THUNDER, CHECKERS, OUTBACK, SONIC, SUBWAY, DAY, FLOYD, SABBATH, STRIPES",1,1,1
394,"GAS, LIQUID, PLASMA, SOLID, COPY, CUT, PASTE, UNDO, CRUSH, ROUT, SHELLAC, TRASH, LEAST, SLATE, STALE, TESLA",1,1,1
395,"FURIOUS, INCENSED, IRATE, LIVID, BANANA, CANARY, SCHOOL BUS, SUNFLOWER, BOOBY, GULL, PELICAN, PUFFIN, BEACH, BEASTIE, HARDY, LOST",2,4,2
396,"FINS, MASK, SNORKEL, TANK, COLON, COMMA, HYPHEN, PERIOD, BOLT, DASH, RACE, SPRINT, DOJA, FAT, HOUSE, JUNGLE",3,8,2
397,"DASANI, EVIAN, FIJI, VOSS, BREW, JAVA, JOE, MUD, CUBA, JAPAN, MALTA, PALAU, LUCKY, POP, SAM, TONY",1,1,1
398,"BASSOON, CLARINET, FLUTE, OBOE, CAP, COVER, LID, TOP, AVIATOR, CAT EYE, WAYFARER, WRAPAROUND, HARBOR, HARP, HOODED, MONK",4,10,3
399,"CLOCK, HOURGLASS, SUNDIAL, WATCH, BOB, CROP, PIXIE, SHAG, HERTZ, MOLE, NEWTON, SECOND, EVIL, J, NO, PEPPER",4,10,3
400,"ASH, CEDAR, MAPLE, PINE, HILL, MOUNTAIN, PLATEAU, VALLEY, EVERYTHING, ONION, PLAIN, POPPY, ELM, FEAR, JUMP, SESAME",1,2,1
401,"DOLPHIN, MANATEE, OTTER, SEAL, BRAKE, CHAIN, SADDLE, SPOKE, HAWK, MOVE, PEDDLE, VEND, CHIN, CUB, MALT, TONG",1,1,0
402,"KANGAROO, KOALA, WALLABY, WOMBAT, CHUNKY, CRUNCH, MARS, MOUNDS, CHEDDAR, DOUGH, PAPER, STACKS, EYE, GUN, MOLE RAT, TRUTH",1,1,1
403,"DIME, NICKEL, PENNY, QUARTER, IRON, LEAD, TIN, ZINC, CLOVER, HORSESHOE, MOON, RAINBOW, AGAIN, HALF, NECK, SO",1,4,1
404,"AROMA, BOUQUET, FRAGRANCE, SCENT, BLUES, COUNTRY, FUNK, SOUL, PAPER, ROCK, SCISSORS, SHOOT, BOAR, BUCK, BULL, JACK",3,8,2
405,"FERRY, JUNK, TUG, YACHT, CLUB, CUBAN, MELT, SUB, FLANK, LOIN, ROUND, SHANK, CHUCK, JOSH, ROB, SUE",0,0,0
406,"HEEL, LACE, SOLE, TONGUE, CLUE, RISK, SORRY, TROUBLE, BOND, HUNT, RYAN, SMART, BAND, CEMENT, DUCKIE, SOUL",0,0,0
407,"CUCUMBER, EGGPLANT, PEPPER, TOMATO, CONE, CUBE, PYRAMID, SPHERE, MAC, PAD, PHONE, POD, JOB, LIMA, MOBILE, POLISH",1,2,0
408,"BRONCO, COWBOY, PACKER, RAVEN, BOWTIE, ELBOW, SHELL, SPIRAL, HIP, KNEE, SHOULDER, WRIST, AIRPLANE, MOTHER, OKLAHOMA, THEM",0,0,0
409,"FLY, GNAT, MOTH, WASP, ADD, DIVIDE, MULTIPLY, SUBTRACT, TANG, TETRA, SKATE, SOLE, ALLEY, COOL, COPY, LAP",2,3,2
410,"BASHFUL, DOC, GRUMPY, HAPPY, GIF, PDF, TIFF, ZIP, EMU, KIWI, OSTRICH, PENGUIN, BANANA, COCONUT, MANGO, PINEAPPLE",4,10,4
411,"BERET, BOWLER, FEDORA, FEZ, HEART, KIDNEY, LIVER, LUNG, COVER, JACKET, PAGE, SPINE, ASS, KNIFE, POT, RABBIT",3,6,3
412,"DENMARK, GREECE, POLAND, PORTUGAL, COPY, ECHO, MIMIC, PARROT, CRUISE, HOLLAND, PETTY, WAITS, DILL, LIVID, MILD, MIX",1,2,1
413,"CHEESECAKE, FLAN, MOUSSE, TIRAMISU, DARN, FUDGE, HECK, SHOOT, ELEPHANT, HIPPO, NARWHAL, WARTHOG, HANDLEBAR, HORSESHOE, PENCIL, WALRUS",2,3,2
414,"BOUNTY, CRUNCH, HEATH, MILKY WAY, DREAMCAST, GENESIS, SWITCH, WII, ANVIL, COCHLEA, HAMMER, STIRRUP, BLINK, MAROON, SUM, U",1,2,1
415,"BEACH BOY, BEATLE, BYRD, MONKEE, DOUGIE, MACARENA, MASHED POTATO, TWIST, FORTUNE, ROLLING STONE, VOGUE, WIRED, CHAIN, GOLF COURSE, SAUSAGE, WEBSITE",1,1,1
416,"BOXER, DALMATIAN, HUSKY, POODLE, BEAK, MUZZLE, SNOUT, TRUNK, DETOUR, SLOW, STOP, YIELD, ASLEEP, BARRIER, BITE, WAVE",1,1,1
417,"JAZZ, POP, PUNK, RAP, CHROME, EDGE, OPERA, SAFARI, AMY, BETH, JO, MEG, BABY, JON, KIM, WAYNE",0,0,0
418,"BARLEY, OAT, RYE, SPELT, BARON, EARL, KING, PRINCE, BROWN, DUKE, HOWARD, RICE, BONG, FORD, LEE, STONE",0,0,0
419,"CREAM, EGGSHELL, IVORY, VANILLA, CRUCIFIX, GARLIC, MIRROR, STAKE, BEEF, PORK, POULTRY, VENISON, ROW, QUARREL, SPAT, TIFF",2,5,2
420,"LAT, PEC, QUAD, TRI, CUP, MEDAL, RIBBON, TROPHY, GREY, HOUSE, HOWSER, QUINN, BEAR, BILL, BROWN, COMMANDER",1,2,1
421,"ASCOT, BOLO, SCARF, TIE, BOW, PORT, STARBOARD, STERN, ALL, ERA, GAIN, TIDE, ACUTE, BERMUDA, LOVE, RIGHT",2,3,2
422,"AMERICANO, CAPPUCCINO, ESPRESSO, LATTE, ALMOND, CASHEW, PECAN, WALNUT, EMERALD, FOREST, KELLY, OLIVE, BEAN, CLEAN, FOX, PEANUT",2,4,2
423,"CAW, CHIRP, CLUCK, TWEET, BROWN, PINK, TURQUOISE, VIOLET, LURE, REEL, ROD, TACKLE, HOOK, JONES, SILVER, SPARROW",2,4,2
424,"BUNK, CANOPY, MURPHY, TRUNDLE, JONAS, MARX, WARNER, WRIGHT, ACCORD, CIVIC, PASSPORT, PILOT, CRASH, LINK, MARIO, SONIC",1,1,1
425,"FRONTIER, SPIRIT, UNITED, VIRGIN, BETA, CHI, DELTA, IOTA, GNAT, GNAW, GNOCCHI, GNOME, GNU, KNEW, NEW, NU",1,3,0
426,"FLOCK, PACK, POD, SCHOOL, ENVY, GREED, LUST, PRIDE, LORIS, SLOTH, SNAIL, TORTOISE, COT, SEC, SIN, TAN",1,3,1
427,"CARDAMOM, CLOVE, CORIANDER, CUMIN, BOO, HONEY, SUGAR, SWEETIE, AIRPLANE, ANGEL, BIRD, PEGASUS, BABY, GINGER, POSH, SCARY",1,3,1
428,"DATE, KIWI, LEMON, ORANGE, CHAD, GEORGIA, JORDAN, TOGO, CRANE, JAY, SWALLOW, TURKEY, FISH, GOAT, SCALES, TWINS",1,3,1
429,"CRICKET, FENCING, POLO, SQUASH, CAMI, HALTER, TANK, TEE, BEET, CARROT, CORN, ONION, ANT, BEETLE, MANTIS, TERMITE",1,2,0
430,"BACKGAMMON, CHECKERS, CHESS, GO, FULL, KING, QUEEN, TWIN, CHERRY, FIRE TRUCK, RUBY, STOP SIGN, CRYPTOGRAPHY, FLORIDA, LOCKSMITH, PIANO",2,4,2
431,"ANKLE, KNEE, SHIN, THIGH, CALF, CUB, JOEY, KID, CAN, HEAD, JOHN, THRONE, CRAY, JELLY, SILVER, STAR",0,0,0
432,"BOARDWALK, CHANCE, GO, JAIL, BABY, MIDNIGHT, POWDER, ROYAL, COMMON, FUTURE, ICE CUBE, Q-TIP, SEA, SIN, SISTER, WONDER",2,3,1
433,"HULU, NETFLIX, PEACOCK, PRIME, KETCHUP, MAYO, RELISH, TARTAR, BLUE, DOWN, GLUM, LOW, GREEN, MUSTARD, PLUM, SCARLET",0,0,0
434,"ADIDAS, NIKE, PUMA, REEBOK, CABARET, CAROUSEL, CATS, CHICAGO, DUST, MOP, SWEEP, VACUUM, BAT, IRON, SPIDER, SUPER",2,3,2
435,"CHEEK, EYE, MOUTH, NOSE, CHOW, GOBBLE, SCARF, WOLF, LAB, PEKE, PIT, POM, AMIGO, KING, STOOGE, TENOR",1,1,0
436,"BOOT, LOAFER, PUMP, SNEAKER, FOOT, LEAGUE, MILE, YARD, ESSENCE, PEOPLE, TIME, US, ARE, QUEUE, SEA, WHY",0,0,0
437,"HAIL, RAIN, SLEET, SNOW, BUCKS, HEAT, JAZZ, NETS, OPTION, RETURN, SHIFT, TAB, KAYAK, LEVEL, MOM, RACE CAR",2,5,2
